id,cedula,nombre,apellido,numero_cuenta
1,10000000,Nombre1,Apellido1,10000
2,10000001,Nombre2,Apellido2,10001
3,10000002,Nombre3,Apellido3,10002
4,10000003,Nombre4,Apellido4,10003
5,10000004,Nombre5,Apellido5,10004
6,10000005,Nombre6,Apellido6,10005
7,10000006,Nombre7,Apellido7,10006
8,10000007,Nombre8,Apellido8,10007
9,10000008,Nombre9,Apellido9,10008
10,10000009,Nombre10,Apellido10,10009
11,10000010,Nombre11,Apellido11,10010
12,10000011,Nombre12,Apellido12,10011
13,10000012,Nombre13,Apellido13,10012
14,10000013,Nombre14,Apellido14,10013
15,10000014,Nombre15,Apellido15,10014
16,10000015,Nombre16,Apellido16,10015
17,10000016,Nombre17,Apellido17,10016
18,10000017,Nombre18,Apellido18,10017
19,10000018,Nombre19,Apellido19,10018
20,10000019,Nombre20,Apellido20,10019
21,10000020,Nombre21,Apellido21,10020
22,10000021,Nombre22,Apellido22,10021
23,10000022,Nombre23,Apellido23,10022
24,10000023,Nombre24,Apellido24,10023
25,10000024,Nombre25,Apellido25,10024
26,10000025,Nombre26,Apellido26,10025
27,10000026,Nombre27,Apellido27,10026
28,10000027,Nombre28,Apellido28,10027
29,10000028,Nombre29,Apellido29,10028
30,10000029,Nombre30,Apellido30,10029
31,10000030,Nombre31,Apellido31,10030
32,10000031,Nombre32,Apellido32,10031
33,10000032,Nombre33,Apellido33,10032
34,10000033,Nombre34,Apellido34,10033
35,10000034,Nombre35,Apellido35,10034
36,10000035,Nombre36,Apellido36,10035
37,10000036,Nombre37,Apellido37,10036
38,10000037,Nombre38,Apellido38,10037
39,10000038,Nombre39,Apellido39,10038
40,10000039,Nombre40,Apellido40,10039
41,10000040,Nombre41,Apellido41,10040
42,10000041,Nombre42,Apellido42,10041
43,10000042,Nombre43,Apellido43,10042
44,10000043,Nombre44,Apellido44,10043
45,10000044,Nombre45,Apellido45,10044
46,10000045,Nombre46,Apellido46,10045
47,10000046,Nombre47,Apellido47,10046
48,10000047,Nombre48,Apellido48,10047
49,10000048,Nombre49,Apellido49,10048
50,10000049,Nombre50,Apellido50,10049
51,10000050,Nombre51,Apellido51,10050
52,10000051,Nombre52,Apellido52,10051
53,10000052,Nombre53,Apellido53,10052
54,10000053,Nombre54,Apellido54,10053
55,10000054,Nombre55,Apellido55,10054
56,10000055,Nombre56,Apellido56,10055
57,10000056,Nombre57,Apellido57,10056
58,10000057,Nombre58,Apellido58,10057
59,10000058,Nombre59,Apellido59,10058
60,10000059,Nombre60,Apellido60,10059
61,10000060,Nombre61,Apellido61,10060
62,10000061,Nombre62,Apellido62,10061
63,10000062,Nombre63,Apellido63,10062
64,10000063,Nombre64,Apellido64,10063
65,10000064,Nombre65,Apellido65,10064
66,10000065,Nombre66,Apellido66,10065
67,10000066,Nombre67,Apellido67,10066
68,10000067,Nombre68,Apellido68,10067
69,10000068,Nombre69,Apellido69,10068
70,10000069,Nombre70,Apellido70,10069
71,10000070,Nombre71,Apellido71,10070
72,10000071,Nombre72,Apellido72,10071
73,10000072,Nombre73,Apellido73,10072
74,10000073,Nombre74,Apellido74,10073
75,10000074,Nombre75,Apellido75,10074
76,10000075,Nombre76,Apellido76,10075
77,10000076,Nombre77,Apellido77,10076
78,10000077,Nombre78,Apellido78,10077
79,10000078,Nombre79,Apellido79,10078
80,10000079,Nombre80,Apellido80,10079
81,10000080,Nombre81,Apellido81,10080
82,10000081,Nombre82,Apellido82,10081
83,10000082,Nombre83,Apellido83,10082
84,10000083,Nombre84,Apellido84,10083
85,10000084,Nombre85,Apellido85,10084
86,10000085,Nombre86,Apellido86,10085
87,10000086,Nombre87,Apellido87,10086
88,10000087,Nombre88,Apellido88,10087
89,10000088,Nombre89,Apellido89,10088
90,10000089,Nombre90,Apellido90,10089
91,10000090,Nombre91,Apellido91,10090
92,10000091,Nombre92,Apellido92,10091
93,10000092,Nombre93,Apellido93,10092
94,10000093,Nombre94,Apellido94,10093
95,10000094,Nombre95,Apellido95,10094
96,10000095,Nombre96,Apellido96,10095
97,10000096,Nombre97,Apellido97,10096
98,10000097,Nombre98,Apellido98,10097
99,10000098,Nombre99,Apellido99,10098
100,10000099,Nombre100,Apellido100,10099
