id,fecha,valor
1,1/01/2023,10000
1,1/02/2023,-10000
1,2/01/2023,20000
1,2/02/2023,-20000
1,3/01/2023,30000
1,3/02/2023,-30000
1,4/01/2023,40000
1,4/02/2023,-40000
1,5/01/2023,50000
1,5/02/2023,-50000
1,6/01/2023,60000
1,6/02/2023,-60000
1,7/01/2023,70000
1,7/02/2023,-70000
1,8/01/2023,80000
1,8/02/2023,-80000
1,9/01/2023,90000
1,9/02/2023,-90000
1,10/01/2023,100000
1,10/02/2023,-100000
2,1/01/2023,10000
2,1/02/2023,-10000
2,2/01/2023,20000
2,2/02/2023,-20000
2,3/01/2023,30000
2,3/02/2023,-30000
2,4/01/2023,40000
2,4/02/2023,-40000
2,5/01/2023,50000
2,5/02/2023,-50000
2,6/01/2023,60000
2,6/02/2023,-60000
2,7/01/2023,70000
2,7/02/2023,-70000
2,8/01/2023,80000
2,8/02/2023,-80000
2,9/01/2023,90000
2,9/02/2023,-90000
2,10/01/2023,100000
2,10/02/2023,-100000
3,1/01/2023,10000
3,1/02/2023,-10000
3,2/01/2023,20000
3,2/02/2023,-20000
3,3/01/2023,30000
3,3/02/2023,-30000
3,4/01/2023,40000
3,4/02/2023,-40000
3,5/01/2023,50000
3,5/02/2023,-50000
3,6/01/2023,60000
3,6/02/2023,-60000
3,7/01/2023,70000
3,7/02/2023,-70000
3,8/01/2023,80000
3,8/02/2023,-80000
3,9/01/2023,90000
3,9/02/2023,-90000
3,10/01/2023,100000
3,10/02/2023,-100000
4,1/01/2023,10000
4,1/02/2023,-10000
4,2/01/2023,20000
4,2/02/2023,-20000
4,3/01/2023,30000
4,3/02/2023,-30000
4,4/01/2023,40000
4,4/02/2023,-40000
4,5/01/2023,50000
4,5/02/2023,-50000
4,6/01/2023,60000
4,6/02/2023,-60000
4,7/01/2023,70000
4,7/02/2023,-70000
4,8/01/2023,80000
4,8/02/2023,-80000
4,9/01/2023,90000
4,9/02/2023,-90000
4,10/01/2023,100000
4,10/02/2023,-100000
5,1/01/2023,10000
5,1/02/2023,-10000
5,2/01/2023,20000
5,2/02/2023,-20000
5,3/01/2023,30000
5,3/02/2023,-30000
5,4/01/2023,40000
5,4/02/2023,-40000
5,5/01/2023,50000
5,5/02/2023,-50000
5,6/01/2023,60000
5,6/02/2023,-60000
5,7/01/2023,70000
5,7/02/2023,-70000
5,8/01/2023,80000
5,8/02/2023,-80000
5,9/01/2023,90000
5,9/02/2023,-90000
5,10/01/2023,100000
5,10/02/2023,-100000
6,1/01/2023,10000
6,1/02/2023,-10000
6,2/01/2023,20000
6,2/02/2023,-20000
6,3/01/2023,30000
6,3/02/2023,-30000
6,4/01/2023,40000
6,4/02/2023,-40000
6,5/01/2023,50000
6,5/02/2023,-50000
6,6/01/2023,60000
6,6/02/2023,-60000
6,7/01/2023,70000
6,7/02/2023,-70000
6,8/01/2023,80000
6,8/02/2023,-80000
6,9/01/2023,90000
6,9/02/2023,-90000
6,10/01/2023,100000
6,10/02/2023,-100000
7,1/01/2023,10000
7,1/02/2023,-10000
7,2/01/2023,20000
7,2/02/2023,-20000
7,3/01/2023,30000
7,3/02/2023,-30000
7,4/01/2023,40000
7,4/02/2023,-40000
7,5/01/2023,50000
7,5/02/2023,-50000
7,6/01/2023,60000
7,6/02/2023,-60000
7,7/01/2023,70000
7,7/02/2023,-70000
7,8/01/2023,80000
7,8/02/2023,-80000
7,9/01/2023,90000
7,9/02/2023,-90000
7,10/01/2023,100000
7,10/02/2023,-100000
8,1/01/2023,10000
8,1/02/2023,-10000
8,2/01/2023,20000
8,2/02/2023,-20000
8,3/01/2023,30000
8,3/02/2023,-30000
8,4/01/2023,40000
8,4/02/2023,-40000
8,5/01/2023,50000
8,5/02/2023,-50000
8,6/01/2023,60000
8,6/02/2023,-60000
8,7/01/2023,70000
8,7/02/2023,-70000
8,8/01/2023,80000
8,8/02/2023,-80000
8,9/01/2023,90000
8,9/02/2023,-90000
8,10/01/2023,100000
8,10/02/2023,-100000
9,1/01/2023,10000
9,1/02/2023,-10000
9,2/01/2023,20000
9,2/02/2023,-20000
9,3/01/2023,30000
9,3/02/2023,-30000
9,4/01/2023,40000
9,4/02/2023,-40000
9,5/01/2023,50000
9,5/02/2023,-50000
9,6/01/2023,60000
9,6/02/2023,-60000
9,7/01/2023,70000
9,7/02/2023,-70000
9,8/01/2023,80000
9,8/02/2023,-80000
9,9/01/2023,90000
9,9/02/2023,-90000
9,10/01/2023,100000
9,10/02/2023,-100000
10,1/01/2023,10000
10,1/02/2023,-10000
10,2/01/2023,20000
10,2/02/2023,-20000
10,3/01/2023,30000
10,3/02/2023,-30000
10,4/01/2023,40000
10,4/02/2023,-40000
10,5/01/2023,50000
10,5/02/2023,-50000
10,6/01/2023,60000
10,6/02/2023,-60000
10,7/01/2023,70000
10,7/02/2023,-70000
10,8/01/2023,80000
10,8/02/2023,-80000
10,9/01/2023,90000
10,9/02/2023,-90000
10,10/01/2023,100000
10,10/02/2023,-100000
11,1/01/2023,10000
11,1/02/2023,-10000
11,2/01/2023,20000
11,2/02/2023,-20000
11,3/01/2023,30000
11,3/02/2023,-30000
11,4/01/2023,40000
11,4/02/2023,-40000
11,5/01/2023,50000
11,5/02/2023,-50000
11,6/01/2023,60000
11,6/02/2023,-60000
11,7/01/2023,70000
11,7/02/2023,-70000
11,8/01/2023,80000
11,8/02/2023,-80000
11,9/01/2023,90000
11,9/02/2023,-90000
11,10/01/2023,100000
11,10/02/2023,-100000
12,1/01/2023,10000
12,1/02/2023,-10000
12,2/01/2023,20000
12,2/02/2023,-20000
12,3/01/2023,30000
12,3/02/2023,-30000
12,4/01/2023,40000
12,4/02/2023,-40000
12,5/01/2023,50000
12,5/02/2023,-50000
12,6/01/2023,60000
12,6/02/2023,-60000
12,7/01/2023,70000
12,7/02/2023,-70000
12,8/01/2023,80000
12,8/02/2023,-80000
12,9/01/2023,90000
12,9/02/2023,-90000
12,10/01/2023,100000
12,10/02/2023,-100000
13,1/01/2023,10000
13,1/02/2023,-10000
13,2/01/2023,20000
13,2/02/2023,-20000
13,3/01/2023,30000
13,3/02/2023,-30000
13,4/01/2023,40000
13,4/02/2023,-40000
13,5/01/2023,50000
13,5/02/2023,-50000
13,6/01/2023,60000
13,6/02/2023,-60000
13,7/01/2023,70000
13,7/02/2023,-70000
13,8/01/2023,80000
13,8/02/2023,-80000
13,9/01/2023,90000
13,9/02/2023,-90000
13,10/01/2023,100000
13,10/02/2023,-100000
14,1/01/2023,10000
14,1/02/2023,-10000
14,2/01/2023,20000
14,2/02/2023,-20000
14,3/01/2023,30000
14,3/02/2023,-30000
14,4/01/2023,40000
14,4/02/2023,-40000
14,5/01/2023,50000
14,5/02/2023,-50000
14,6/01/2023,60000
14,6/02/2023,-60000
14,7/01/2023,70000
14,7/02/2023,-70000
14,8/01/2023,80000
14,8/02/2023,-80000
14,9/01/2023,90000
14,9/02/2023,-90000
14,10/01/2023,100000
14,10/02/2023,-100000
15,1/01/2023,10000
15,1/02/2023,-10000
15,2/01/2023,20000
15,2/02/2023,-20000
15,3/01/2023,30000
15,3/02/2023,-30000
15,4/01/2023,40000
15,4/02/2023,-40000
15,5/01/2023,50000
15,5/02/2023,-50000
15,6/01/2023,60000
15,6/02/2023,-60000
15,7/01/2023,70000
15,7/02/2023,-70000
15,8/01/2023,80000
15,8/02/2023,-80000
15,9/01/2023,90000
15,9/02/2023,-90000
15,10/01/2023,100000
15,10/02/2023,-100000
16,1/01/2023,10000
16,1/02/2023,-10000
16,2/01/2023,20000
16,2/02/2023,-20000
16,3/01/2023,30000
16,3/02/2023,-30000
16,4/01/2023,40000
16,4/02/2023,-40000
16,5/01/2023,50000
16,5/02/2023,-50000
16,6/01/2023,60000
16,6/02/2023,-60000
16,7/01/2023,70000
16,7/02/2023,-70000
16,8/01/2023,80000
16,8/02/2023,-80000
16,9/01/2023,90000
16,9/02/2023,-90000
16,10/01/2023,100000
16,10/02/2023,-100000
17,1/01/2023,10000
17,1/02/2023,-10000
17,2/01/2023,20000
17,2/02/2023,-20000
17,3/01/2023,30000
17,3/02/2023,-30000
17,4/01/2023,40000
17,4/02/2023,-40000
17,5/01/2023,50000
17,5/02/2023,-50000
17,6/01/2023,60000
17,6/02/2023,-60000
17,7/01/2023,70000
17,7/02/2023,-70000
17,8/01/2023,80000
17,8/02/2023,-80000
17,9/01/2023,90000
17,9/02/2023,-90000
17,10/01/2023,100000
17,10/02/2023,-100000
18,1/01/2023,10000
18,1/02/2023,-10000
18,2/01/2023,20000
18,2/02/2023,-20000
18,3/01/2023,30000
18,3/02/2023,-30000
18,4/01/2023,40000
18,4/02/2023,-40000
18,5/01/2023,50000
18,5/02/2023,-50000
18,6/01/2023,60000
18,6/02/2023,-60000
18,7/01/2023,70000
18,7/02/2023,-70000
18,8/01/2023,80000
18,8/02/2023,-80000
18,9/01/2023,90000
18,9/02/2023,-90000
18,10/01/2023,100000
18,10/02/2023,-100000
19,1/01/2023,10000
19,1/02/2023,-10000
19,2/01/2023,20000
19,2/02/2023,-20000
19,3/01/2023,30000
19,3/02/2023,-30000
19,4/01/2023,40000
19,4/02/2023,-40000
19,5/01/2023,50000
19,5/02/2023,-50000
19,6/01/2023,60000
19,6/02/2023,-60000
19,7/01/2023,70000
19,7/02/2023,-70000
19,8/01/2023,80000
19,8/02/2023,-80000
19,9/01/2023,90000
19,9/02/2023,-90000
19,10/01/2023,100000
19,10/02/2023,-100000
20,1/01/2023,10000
20,1/02/2023,-10000
20,2/01/2023,20000
20,2/02/2023,-20000
20,3/01/2023,30000
20,3/02/2023,-30000
20,4/01/2023,40000
20,4/02/2023,-40000
20,5/01/2023,50000
20,5/02/2023,-50000
20,6/01/2023,60000
20,6/02/2023,-60000
20,7/01/2023,70000
20,7/02/2023,-70000
20,8/01/2023,80000
20,8/02/2023,-80000
20,9/01/2023,90000
20,9/02/2023,-90000
20,10/01/2023,100000
20,10/02/2023,-100000
21,1/01/2023,10000
21,1/02/2023,-10000
21,2/01/2023,20000
21,2/02/2023,-20000
21,3/01/2023,30000
21,3/02/2023,-30000
21,4/01/2023,40000
21,4/02/2023,-40000
21,5/01/2023,50000
21,5/02/2023,-50000
21,6/01/2023,60000
21,6/02/2023,-60000
21,7/01/2023,70000
21,7/02/2023,-70000
21,8/01/2023,80000
21,8/02/2023,-80000
21,9/01/2023,90000
21,9/02/2023,-90000
21,10/01/2023,100000
21,10/02/2023,-100000
22,1/01/2023,10000
22,1/02/2023,-10000
22,2/01/2023,20000
22,2/02/2023,-20000
22,3/01/2023,30000
22,3/02/2023,-30000
22,4/01/2023,40000
22,4/02/2023,-40000
22,5/01/2023,50000
22,5/02/2023,-50000
22,6/01/2023,60000
22,6/02/2023,-60000
22,7/01/2023,70000
22,7/02/2023,-70000
22,8/01/2023,80000
22,8/02/2023,-80000
22,9/01/2023,90000
22,9/02/2023,-90000
22,10/01/2023,100000
22,10/02/2023,-100000
23,1/01/2023,10000
23,1/02/2023,-10000
23,2/01/2023,20000
23,2/02/2023,-20000
23,3/01/2023,30000
23,3/02/2023,-30000
23,4/01/2023,40000
23,4/02/2023,-40000
23,5/01/2023,50000
23,5/02/2023,-50000
23,6/01/2023,60000
23,6/02/2023,-60000
23,7/01/2023,70000
23,7/02/2023,-70000
23,8/01/2023,80000
23,8/02/2023,-80000
23,9/01/2023,90000
23,9/02/2023,-90000
23,10/01/2023,100000
23,10/02/2023,-100000
24,1/01/2023,10000
24,1/02/2023,-10000
24,2/01/2023,20000
24,2/02/2023,-20000
24,3/01/2023,30000
24,3/02/2023,-30000
24,4/01/2023,40000
24,4/02/2023,-40000
24,5/01/2023,50000
24,5/02/2023,-50000
24,6/01/2023,60000
24,6/02/2023,-60000
24,7/01/2023,70000
24,7/02/2023,-70000
24,8/01/2023,80000
24,8/02/2023,-80000
24,9/01/2023,90000
24,9/02/2023,-90000
24,10/01/2023,100000
24,10/02/2023,-100000
25,1/01/2023,10000
25,1/02/2023,-10000
25,2/01/2023,20000
25,2/02/2023,-20000
25,3/01/2023,30000
25,3/02/2023,-30000
25,4/01/2023,40000
25,4/02/2023,-40000
25,5/01/2023,50000
25,5/02/2023,-50000
25,6/01/2023,60000
25,6/02/2023,-60000
25,7/01/2023,70000
25,7/02/2023,-70000
25,8/01/2023,80000
25,8/02/2023,-80000
25,9/01/2023,90000
25,9/02/2023,-90000
25,10/01/2023,100000
25,10/02/2023,-100000
26,1/01/2023,10000
26,1/02/2023,-10000
26,2/01/2023,20000
26,2/02/2023,-20000
26,3/01/2023,30000
26,3/02/2023,-30000
26,4/01/2023,40000
26,4/02/2023,-40000
26,5/01/2023,50000
26,5/02/2023,-50000
26,6/01/2023,60000
26,6/02/2023,-60000
26,7/01/2023,70000
26,7/02/2023,-70000
26,8/01/2023,80000
26,8/02/2023,-80000
26,9/01/2023,90000
26,9/02/2023,-90000
26,10/01/2023,100000
26,10/02/2023,-100000
27,1/01/2023,10000
27,1/02/2023,-10000
27,2/01/2023,20000
27,2/02/2023,-20000
27,3/01/2023,30000
27,3/02/2023,-30000
27,4/01/2023,40000
27,4/02/2023,-40000
27,5/01/2023,50000
27,5/02/2023,-50000
27,6/01/2023,60000
27,6/02/2023,-60000
27,7/01/2023,70000
27,7/02/2023,-70000
27,8/01/2023,80000
27,8/02/2023,-80000
27,9/01/2023,90000
27,9/02/2023,-90000
27,10/01/2023,100000
27,10/02/2023,-100000
28,1/01/2023,10000
28,1/02/2023,-10000
28,2/01/2023,20000
28,2/02/2023,-20000
28,3/01/2023,30000
28,3/02/2023,-30000
28,4/01/2023,40000
28,4/02/2023,-40000
28,5/01/2023,50000
28,5/02/2023,-50000
28,6/01/2023,60000
28,6/02/2023,-60000
28,7/01/2023,70000
28,7/02/2023,-70000
28,8/01/2023,80000
28,8/02/2023,-80000
28,9/01/2023,90000
28,9/02/2023,-90000
28,10/01/2023,100000
28,10/02/2023,-100000
29,1/01/2023,10000
29,1/02/2023,-10000
29,2/01/2023,20000
29,2/02/2023,-20000
29,3/01/2023,30000
29,3/02/2023,-30000
29,4/01/2023,40000
29,4/02/2023,-40000
29,5/01/2023,50000
29,5/02/2023,-50000
29,6/01/2023,60000
29,6/02/2023,-60000
29,7/01/2023,70000
29,7/02/2023,-70000
29,8/01/2023,80000
29,8/02/2023,-80000
29,9/01/2023,90000
29,9/02/2023,-90000
29,10/01/2023,100000
29,10/02/2023,-100000
30,1/01/2023,10000
30,1/02/2023,-10000
30,2/01/2023,20000
30,2/02/2023,-20000
30,3/01/2023,30000
30,3/02/2023,-30000
30,4/01/2023,40000
30,4/02/2023,-40000
30,5/01/2023,50000
30,5/02/2023,-50000
30,6/01/2023,60000
30,6/02/2023,-60000
30,7/01/2023,70000
30,7/02/2023,-70000
30,8/01/2023,80000
30,8/02/2023,-80000
30,9/01/2023,90000
30,9/02/2023,-90000
30,10/01/2023,100000
30,10/02/2023,-100000
31,1/01/2023,10000
31,1/02/2023,-10000
31,2/01/2023,20000
31,2/02/2023,-20000
31,3/01/2023,30000
31,3/02/2023,-30000
31,4/01/2023,40000
31,4/02/2023,-40000
31,5/01/2023,50000
31,5/02/2023,-50000
31,6/01/2023,60000
31,6/02/2023,-60000
31,7/01/2023,70000
31,7/02/2023,-70000
31,8/01/2023,80000
31,8/02/2023,-80000
31,9/01/2023,90000
31,9/02/2023,-90000
31,10/01/2023,100000
31,10/02/2023,-100000
32,1/01/2023,10000
32,1/02/2023,-10000
32,2/01/2023,20000
32,2/02/2023,-20000
32,3/01/2023,30000
32,3/02/2023,-30000
32,4/01/2023,40000
32,4/02/2023,-40000
32,5/01/2023,50000
32,5/02/2023,-50000
32,6/01/2023,60000
32,6/02/2023,-60000
32,7/01/2023,70000
32,7/02/2023,-70000
32,8/01/2023,80000
32,8/02/2023,-80000
32,9/01/2023,90000
32,9/02/2023,-90000
32,10/01/2023,100000
32,10/02/2023,-100000
33,1/01/2023,10000
33,1/02/2023,-10000
33,2/01/2023,20000
33,2/02/2023,-20000
33,3/01/2023,30000
33,3/02/2023,-30000
33,4/01/2023,40000
33,4/02/2023,-40000
33,5/01/2023,50000
33,5/02/2023,-50000
33,6/01/2023,60000
33,6/02/2023,-60000
33,7/01/2023,70000
33,7/02/2023,-70000
33,8/01/2023,80000
33,8/02/2023,-80000
33,9/01/2023,90000
33,9/02/2023,-90000
33,10/01/2023,100000
33,10/02/2023,-100000
34,1/01/2023,10000
34,1/02/2023,-10000
34,2/01/2023,20000
34,2/02/2023,-20000
34,3/01/2023,30000
34,3/02/2023,-30000
34,4/01/2023,40000
34,4/02/2023,-40000
34,5/01/2023,50000
34,5/02/2023,-50000
34,6/01/2023,60000
34,6/02/2023,-60000
34,7/01/2023,70000
34,7/02/2023,-70000
34,8/01/2023,80000
34,8/02/2023,-80000
34,9/01/2023,90000
34,9/02/2023,-90000
34,10/01/2023,100000
34,10/02/2023,-100000
35,1/01/2023,10000
35,1/02/2023,-10000
35,2/01/2023,20000
35,2/02/2023,-20000
35,3/01/2023,30000
35,3/02/2023,-30000
35,4/01/2023,40000
35,4/02/2023,-40000
35,5/01/2023,50000
35,5/02/2023,-50000
35,6/01/2023,60000
35,6/02/2023,-60000
35,7/01/2023,70000
35,7/02/2023,-70000
35,8/01/2023,80000
35,8/02/2023,-80000
35,9/01/2023,90000
35,9/02/2023,-90000
35,10/01/2023,100000
35,10/02/2023,-100000
36,1/01/2023,10000
36,1/02/2023,-10000
36,2/01/2023,20000
36,2/02/2023,-20000
36,3/01/2023,30000
36,3/02/2023,-30000
36,4/01/2023,40000
36,4/02/2023,-40000
36,5/01/2023,50000
36,5/02/2023,-50000
36,6/01/2023,60000
36,6/02/2023,-60000
36,7/01/2023,70000
36,7/02/2023,-70000
36,8/01/2023,80000
36,8/02/2023,-80000
36,9/01/2023,90000
36,9/02/2023,-90000
36,10/01/2023,100000
36,10/02/2023,-100000
37,1/01/2023,10000
37,1/02/2023,-10000
37,2/01/2023,20000
37,2/02/2023,-20000
37,3/01/2023,30000
37,3/02/2023,-30000
37,4/01/2023,40000
37,4/02/2023,-40000
37,5/01/2023,50000
37,5/02/2023,-50000
37,6/01/2023,60000
37,6/02/2023,-60000
37,7/01/2023,70000
37,7/02/2023,-70000
37,8/01/2023,80000
37,8/02/2023,-80000
37,9/01/2023,90000
37,9/02/2023,-90000
37,10/01/2023,100000
37,10/02/2023,-100000
38,1/01/2023,10000
38,1/02/2023,-10000
38,2/01/2023,20000
38,2/02/2023,-20000
38,3/01/2023,30000
38,3/02/2023,-30000
38,4/01/2023,40000
38,4/02/2023,-40000
38,5/01/2023,50000
38,5/02/2023,-50000
38,6/01/2023,60000
38,6/02/2023,-60000
38,7/01/2023,70000
38,7/02/2023,-70000
38,8/01/2023,80000
38,8/02/2023,-80000
38,9/01/2023,90000
38,9/02/2023,-90000
38,10/01/2023,100000
38,10/02/2023,-100000
39,1/01/2023,10000
39,1/02/2023,-10000
39,2/01/2023,20000
39,2/02/2023,-20000
39,3/01/2023,30000
39,3/02/2023,-30000
39,4/01/2023,40000
39,4/02/2023,-40000
39,5/01/2023,50000
39,5/02/2023,-50000
39,6/01/2023,60000
39,6/02/2023,-60000
39,7/01/2023,70000
39,7/02/2023,-70000
39,8/01/2023,80000
39,8/02/2023,-80000
39,9/01/2023,90000
39,9/02/2023,-90000
39,10/01/2023,100000
39,10/02/2023,-100000
40,1/01/2023,10000
40,1/02/2023,-10000
40,2/01/2023,20000
40,2/02/2023,-20000
40,3/01/2023,30000
40,3/02/2023,-30000
40,4/01/2023,40000
40,4/02/2023,-40000
40,5/01/2023,50000
40,5/02/2023,-50000
40,6/01/2023,60000
40,6/02/2023,-60000
40,7/01/2023,70000
40,7/02/2023,-70000
40,8/01/2023,80000
40,8/02/2023,-80000
40,9/01/2023,90000
40,9/02/2023,-90000
40,10/01/2023,100000
40,10/02/2023,-100000
41,1/01/2023,10000
41,1/02/2023,-10000
41,2/01/2023,20000
41,2/02/2023,-20000
41,3/01/2023,30000
41,3/02/2023,-30000
41,4/01/2023,40000
41,4/02/2023,-40000
41,5/01/2023,50000
41,5/02/2023,-50000
41,6/01/2023,60000
41,6/02/2023,-60000
41,7/01/2023,70000
41,7/02/2023,-70000
41,8/01/2023,80000
41,8/02/2023,-80000
41,9/01/2023,90000
41,9/02/2023,-90000
41,10/01/2023,100000
41,10/02/2023,-100000
42,1/01/2023,10000
42,1/02/2023,-10000
42,2/01/2023,20000
42,2/02/2023,-20000
42,3/01/2023,30000
42,3/02/2023,-30000
42,4/01/2023,40000
42,4/02/2023,-40000
42,5/01/2023,50000
42,5/02/2023,-50000
42,6/01/2023,60000
42,6/02/2023,-60000
42,7/01/2023,70000
42,7/02/2023,-70000
42,8/01/2023,80000
42,8/02/2023,-80000
42,9/01/2023,90000
42,9/02/2023,-90000
42,10/01/2023,100000
42,10/02/2023,-100000
43,1/01/2023,10000
43,1/02/2023,-10000
43,2/01/2023,20000
43,2/02/2023,-20000
43,3/01/2023,30000
43,3/02/2023,-30000
43,4/01/2023,40000
43,4/02/2023,-40000
43,5/01/2023,50000
43,5/02/2023,-50000
43,6/01/2023,60000
43,6/02/2023,-60000
43,7/01/2023,70000
43,7/02/2023,-70000
43,8/01/2023,80000
43,8/02/2023,-80000
43,9/01/2023,90000
43,9/02/2023,-90000
43,10/01/2023,100000
43,10/02/2023,-100000
44,1/01/2023,10000
44,1/02/2023,-10000
44,2/01/2023,20000
44,2/02/2023,-20000
44,3/01/2023,30000
44,3/02/2023,-30000
44,4/01/2023,40000
44,4/02/2023,-40000
44,5/01/2023,50000
44,5/02/2023,-50000
44,6/01/2023,60000
44,6/02/2023,-60000
44,7/01/2023,70000
44,7/02/2023,-70000
44,8/01/2023,80000
44,8/02/2023,-80000
44,9/01/2023,90000
44,9/02/2023,-90000
44,10/01/2023,100000
44,10/02/2023,-100000
45,1/01/2023,10000
45,1/02/2023,-10000
45,2/01/2023,20000
45,2/02/2023,-20000
45,3/01/2023,30000
45,3/02/2023,-30000
45,4/01/2023,40000
45,4/02/2023,-40000
45,5/01/2023,50000
45,5/02/2023,-50000
45,6/01/2023,60000
45,6/02/2023,-60000
45,7/01/2023,70000
45,7/02/2023,-70000
45,8/01/2023,80000
45,8/02/2023,-80000
45,9/01/2023,90000
45,9/02/2023,-90000
45,10/01/2023,100000
45,10/02/2023,-100000
46,1/01/2023,10000
46,1/02/2023,-10000
46,2/01/2023,20000
46,2/02/2023,-20000
46,3/01/2023,30000
46,3/02/2023,-30000
46,4/01/2023,40000
46,4/02/2023,-40000
46,5/01/2023,50000
46,5/02/2023,-50000
46,6/01/2023,60000
46,6/02/2023,-60000
46,7/01/2023,70000
46,7/02/2023,-70000
46,8/01/2023,80000
46,8/02/2023,-80000
46,9/01/2023,90000
46,9/02/2023,-90000
46,10/01/2023,100000
46,10/02/2023,-100000
47,1/01/2023,10000
47,1/02/2023,-10000
47,2/01/2023,20000
47,2/02/2023,-20000
47,3/01/2023,30000
47,3/02/2023,-30000
47,4/01/2023,40000
47,4/02/2023,-40000
47,5/01/2023,50000
47,5/02/2023,-50000
47,6/01/2023,60000
47,6/02/2023,-60000
47,7/01/2023,70000
47,7/02/2023,-70000
47,8/01/2023,80000
47,8/02/2023,-80000
47,9/01/2023,90000
47,9/02/2023,-90000
47,10/01/2023,100000
47,10/02/2023,-100000
48,1/01/2023,10000
48,1/02/2023,-10000
48,2/01/2023,20000
48,2/02/2023,-20000
48,3/01/2023,30000
48,3/02/2023,-30000
48,4/01/2023,40000
48,4/02/2023,-40000
48,5/01/2023,50000
48,5/02/2023,-50000
48,6/01/2023,60000
48,6/02/2023,-60000
48,7/01/2023,70000
48,7/02/2023,-70000
48,8/01/2023,80000
48,8/02/2023,-80000
48,9/01/2023,90000
48,9/02/2023,-90000
48,10/01/2023,100000
48,10/02/2023,-100000
49,1/01/2023,10000
49,1/02/2023,-10000
49,2/01/2023,20000
49,2/02/2023,-20000
49,3/01/2023,30000
49,3/02/2023,-30000
49,4/01/2023,40000
49,4/02/2023,-40000
49,5/01/2023,50000
49,5/02/2023,-50000
49,6/01/2023,60000
49,6/02/2023,-60000
49,7/01/2023,70000
49,7/02/2023,-70000
49,8/01/2023,80000
49,8/02/2023,-80000
49,9/01/2023,90000
49,9/02/2023,-90000
49,10/01/2023,100000
49,10/02/2023,-100000
50,1/01/2023,10000
50,1/02/2023,-10000
50,2/01/2023,20000
50,2/02/2023,-20000
50,3/01/2023,30000
50,3/02/2023,-30000
50,4/01/2023,40000
50,4/02/2023,-40000
50,5/01/2023,50000
50,5/02/2023,-50000
50,6/01/2023,60000
50,6/02/2023,-60000
50,7/01/2023,70000
50,7/02/2023,-70000
50,8/01/2023,80000
50,8/02/2023,-80000
50,9/01/2023,90000
50,9/02/2023,-90000
50,10/01/2023,100000
50,10/02/2023,-100000
51,1/01/2023,10000
51,1/02/2023,-10000
51,2/01/2023,20000
51,2/02/2023,-20000
51,3/01/2023,30000
51,3/02/2023,-30000
51,4/01/2023,40000
51,4/02/2023,-40000
51,5/01/2023,50000
51,5/02/2023,-50000
51,6/01/2023,60000
51,6/02/2023,-60000
51,7/01/2023,70000
51,7/02/2023,-70000
51,8/01/2023,80000
51,8/02/2023,-80000
51,9/01/2023,90000
51,9/02/2023,-90000
51,10/01/2023,100000
51,10/02/2023,-100000
52,1/01/2023,10000
52,1/02/2023,-10000
52,2/01/2023,20000
52,2/02/2023,-20000
52,3/01/2023,30000
52,3/02/2023,-30000
52,4/01/2023,40000
52,4/02/2023,-40000
52,5/01/2023,50000
52,5/02/2023,-50000
52,6/01/2023,60000
52,6/02/2023,-60000
52,7/01/2023,70000
52,7/02/2023,-70000
52,8/01/2023,80000
52,8/02/2023,-80000
52,9/01/2023,90000
52,9/02/2023,-90000
52,10/01/2023,100000
52,10/02/2023,-100000
53,1/01/2023,10000
53,1/02/2023,-10000
53,2/01/2023,20000
53,2/02/2023,-20000
53,3/01/2023,30000
53,3/02/2023,-30000
53,4/01/2023,40000
53,4/02/2023,-40000
53,5/01/2023,50000
53,5/02/2023,-50000
53,6/01/2023,60000
53,6/02/2023,-60000
53,7/01/2023,70000
53,7/02/2023,-70000
53,8/01/2023,80000
53,8/02/2023,-80000
53,9/01/2023,90000
53,9/02/2023,-90000
53,10/01/2023,100000
53,10/02/2023,-100000
54,1/01/2023,10000
54,1/02/2023,-10000
54,2/01/2023,20000
54,2/02/2023,-20000
54,3/01/2023,30000
54,3/02/2023,-30000
54,4/01/2023,40000
54,4/02/2023,-40000
54,5/01/2023,50000
54,5/02/2023,-50000
54,6/01/2023,60000
54,6/02/2023,-60000
54,7/01/2023,70000
54,7/02/2023,-70000
54,8/01/2023,80000
54,8/02/2023,-80000
54,9/01/2023,90000
54,9/02/2023,-90000
54,10/01/2023,100000
54,10/02/2023,-100000
55,1/01/2023,10000
55,1/02/2023,-10000
55,2/01/2023,20000
55,2/02/2023,-20000
55,3/01/2023,30000
55,3/02/2023,-30000
55,4/01/2023,40000
55,4/02/2023,-40000
55,5/01/2023,50000
55,5/02/2023,-50000
55,6/01/2023,60000
55,6/02/2023,-60000
55,7/01/2023,70000
55,7/02/2023,-70000
55,8/01/2023,80000
55,8/02/2023,-80000
55,9/01/2023,90000
55,9/02/2023,-90000
55,10/01/2023,100000
55,10/02/2023,-100000
56,1/01/2023,10000
56,1/02/2023,-10000
56,2/01/2023,20000
56,2/02/2023,-20000
56,3/01/2023,30000
56,3/02/2023,-30000
56,4/01/2023,40000
56,4/02/2023,-40000
56,5/01/2023,50000
56,5/02/2023,-50000
56,6/01/2023,60000
56,6/02/2023,-60000
56,7/01/2023,70000
56,7/02/2023,-70000
56,8/01/2023,80000
56,8/02/2023,-80000
56,9/01/2023,90000
56,9/02/2023,-90000
56,10/01/2023,100000
56,10/02/2023,-100000
57,1/01/2023,10000
57,1/02/2023,-10000
57,2/01/2023,20000
57,2/02/2023,-20000
57,3/01/2023,30000
57,3/02/2023,-30000
57,4/01/2023,40000
57,4/02/2023,-40000
57,5/01/2023,50000
57,5/02/2023,-50000
57,6/01/2023,60000
57,6/02/2023,-60000
57,7/01/2023,70000
57,7/02/2023,-70000
57,8/01/2023,80000
57,8/02/2023,-80000
57,9/01/2023,90000
57,9/02/2023,-90000
57,10/01/2023,100000
57,10/02/2023,-100000
58,1/01/2023,10000
58,1/02/2023,-10000
58,2/01/2023,20000
58,2/02/2023,-20000
58,3/01/2023,30000
58,3/02/2023,-30000
58,4/01/2023,40000
58,4/02/2023,-40000
58,5/01/2023,50000
58,5/02/2023,-50000
58,6/01/2023,60000
58,6/02/2023,-60000
58,7/01/2023,70000
58,7/02/2023,-70000
58,8/01/2023,80000
58,8/02/2023,-80000
58,9/01/2023,90000
58,9/02/2023,-90000
58,10/01/2023,100000
58,10/02/2023,-100000
59,1/01/2023,10000
59,1/02/2023,-10000
59,2/01/2023,20000
59,2/02/2023,-20000
59,3/01/2023,30000
59,3/02/2023,-30000
59,4/01/2023,40000
59,4/02/2023,-40000
59,5/01/2023,50000
59,5/02/2023,-50000
59,6/01/2023,60000
59,6/02/2023,-60000
59,7/01/2023,70000
59,7/02/2023,-70000
59,8/01/2023,80000
59,8/02/2023,-80000
59,9/01/2023,90000
59,9/02/2023,-90000
59,10/01/2023,100000
59,10/02/2023,-100000
60,1/01/2023,10000
60,1/02/2023,-10000
60,2/01/2023,20000
60,2/02/2023,-20000
60,3/01/2023,30000
60,3/02/2023,-30000
60,4/01/2023,40000
60,4/02/2023,-40000
60,5/01/2023,50000
60,5/02/2023,-50000
60,6/01/2023,60000
60,6/02/2023,-60000
60,7/01/2023,70000
60,7/02/2023,-70000
60,8/01/2023,80000
60,8/02/2023,-80000
60,9/01/2023,90000
60,9/02/2023,-90000
60,10/01/2023,100000
60,10/02/2023,-100000
61,1/01/2023,10000
61,1/02/2023,-10000
61,2/01/2023,20000
61,2/02/2023,-20000
61,3/01/2023,30000
61,3/02/2023,-30000
61,4/01/2023,40000
61,4/02/2023,-40000
61,5/01/2023,50000
61,5/02/2023,-50000
61,6/01/2023,60000
61,6/02/2023,-60000
61,7/01/2023,70000
61,7/02/2023,-70000
61,8/01/2023,80000
61,8/02/2023,-80000
61,9/01/2023,90000
61,9/02/2023,-90000
61,10/01/2023,100000
61,10/02/2023,-100000
62,1/01/2023,10000
62,1/02/2023,-10000
62,2/01/2023,20000
62,2/02/2023,-20000
62,3/01/2023,30000
62,3/02/2023,-30000
62,4/01/2023,40000
62,4/02/2023,-40000
62,5/01/2023,50000
62,5/02/2023,-50000
62,6/01/2023,60000
62,6/02/2023,-60000
62,7/01/2023,70000
62,7/02/2023,-70000
62,8/01/2023,80000
62,8/02/2023,-80000
62,9/01/2023,90000
62,9/02/2023,-90000
62,10/01/2023,100000
62,10/02/2023,-100000
63,1/01/2023,10000
63,1/02/2023,-10000
63,2/01/2023,20000
63,2/02/2023,-20000
63,3/01/2023,30000
63,3/02/2023,-30000
63,4/01/2023,40000
63,4/02/2023,-40000
63,5/01/2023,50000
63,5/02/2023,-50000
63,6/01/2023,60000
63,6/02/2023,-60000
63,7/01/2023,70000
63,7/02/2023,-70000
63,8/01/2023,80000
63,8/02/2023,-80000
63,9/01/2023,90000
63,9/02/2023,-90000
63,10/01/2023,100000
63,10/02/2023,-100000
64,1/01/2023,10000
64,1/02/2023,-10000
64,2/01/2023,20000
64,2/02/2023,-20000
64,3/01/2023,30000
64,3/02/2023,-30000
64,4/01/2023,40000
64,4/02/2023,-40000
64,5/01/2023,50000
64,5/02/2023,-50000
64,6/01/2023,60000
64,6/02/2023,-60000
64,7/01/2023,70000
64,7/02/2023,-70000
64,8/01/2023,80000
64,8/02/2023,-80000
64,9/01/2023,90000
64,9/02/2023,-90000
64,10/01/2023,100000
64,10/02/2023,-100000
65,1/01/2023,10000
65,1/02/2023,-10000
65,2/01/2023,20000
65,2/02/2023,-20000
65,3/01/2023,30000
65,3/02/2023,-30000
65,4/01/2023,40000
65,4/02/2023,-40000
65,5/01/2023,50000
65,5/02/2023,-50000
65,6/01/2023,60000
65,6/02/2023,-60000
65,7/01/2023,70000
65,7/02/2023,-70000
65,8/01/2023,80000
65,8/02/2023,-80000
65,9/01/2023,90000
65,9/02/2023,-90000
65,10/01/2023,100000
65,10/02/2023,-100000
66,1/01/2023,10000
66,1/02/2023,-10000
66,2/01/2023,20000
66,2/02/2023,-20000
66,3/01/2023,30000
66,3/02/2023,-30000
66,4/01/2023,40000
66,4/02/2023,-40000
66,5/01/2023,50000
66,5/02/2023,-50000
66,6/01/2023,60000
66,6/02/2023,-60000
66,7/01/2023,70000
66,7/02/2023,-70000
66,8/01/2023,80000
66,8/02/2023,-80000
66,9/01/2023,90000
66,9/02/2023,-90000
66,10/01/2023,100000
66,10/02/2023,-100000
67,1/01/2023,10000
67,1/02/2023,-10000
67,2/01/2023,20000
67,2/02/2023,-20000
67,3/01/2023,30000
67,3/02/2023,-30000
67,4/01/2023,40000
67,4/02/2023,-40000
67,5/01/2023,50000
67,5/02/2023,-50000
67,6/01/2023,60000
67,6/02/2023,-60000
67,7/01/2023,70000
67,7/02/2023,-70000
67,8/01/2023,80000
67,8/02/2023,-80000
67,9/01/2023,90000
67,9/02/2023,-90000
67,10/01/2023,100000
67,10/02/2023,-100000
68,1/01/2023,10000
68,1/02/2023,-10000
68,2/01/2023,20000
68,2/02/2023,-20000
68,3/01/2023,30000
68,3/02/2023,-30000
68,4/01/2023,40000
68,4/02/2023,-40000
68,5/01/2023,50000
68,5/02/2023,-50000
68,6/01/2023,60000
68,6/02/2023,-60000
68,7/01/2023,70000
68,7/02/2023,-70000
68,8/01/2023,80000
68,8/02/2023,-80000
68,9/01/2023,90000
68,9/02/2023,-90000
68,10/01/2023,100000
68,10/02/2023,-100000
69,1/01/2023,10000
69,1/02/2023,-10000
69,2/01/2023,20000
69,2/02/2023,-20000
69,3/01/2023,30000
69,3/02/2023,-30000
69,4/01/2023,40000
69,4/02/2023,-40000
69,5/01/2023,50000
69,5/02/2023,-50000
69,6/01/2023,60000
69,6/02/2023,-60000
69,7/01/2023,70000
69,7/02/2023,-70000
69,8/01/2023,80000
69,8/02/2023,-80000
69,9/01/2023,90000
69,9/02/2023,-90000
69,10/01/2023,100000
69,10/02/2023,-100000
70,1/01/2023,10000
70,1/02/2023,-10000
70,2/01/2023,20000
70,2/02/2023,-20000
70,3/01/2023,30000
70,3/02/2023,-30000
70,4/01/2023,40000
70,4/02/2023,-40000
70,5/01/2023,50000
70,5/02/2023,-50000
70,6/01/2023,60000
70,6/02/2023,-60000
70,7/01/2023,70000
70,7/02/2023,-70000
70,8/01/2023,80000
70,8/02/2023,-80000
70,9/01/2023,90000
70,9/02/2023,-90000
70,10/01/2023,100000
70,10/02/2023,-100000
71,1/01/2023,10000
71,1/02/2023,-10000
71,2/01/2023,20000
71,2/02/2023,-20000
71,3/01/2023,30000
71,3/02/2023,-30000
71,4/01/2023,40000
71,4/02/2023,-40000
71,5/01/2023,50000
71,5/02/2023,-50000
71,6/01/2023,60000
71,6/02/2023,-60000
71,7/01/2023,70000
71,7/02/2023,-70000
71,8/01/2023,80000
71,8/02/2023,-80000
71,9/01/2023,90000
71,9/02/2023,-90000
71,10/01/2023,100000
71,10/02/2023,-100000
72,1/01/2023,10000
72,1/02/2023,-10000
72,2/01/2023,20000
72,2/02/2023,-20000
72,3/01/2023,30000
72,3/02/2023,-30000
72,4/01/2023,40000
72,4/02/2023,-40000
72,5/01/2023,50000
72,5/02/2023,-50000
72,6/01/2023,60000
72,6/02/2023,-60000
72,7/01/2023,70000
72,7/02/2023,-70000
72,8/01/2023,80000
72,8/02/2023,-80000
72,9/01/2023,90000
72,9/02/2023,-90000
72,10/01/2023,100000
72,10/02/2023,-100000
73,1/01/2023,10000
73,1/02/2023,-10000
73,2/01/2023,20000
73,2/02/2023,-20000
73,3/01/2023,30000
73,3/02/2023,-30000
73,4/01/2023,40000
73,4/02/2023,-40000
73,5/01/2023,50000
73,5/02/2023,-50000
73,6/01/2023,60000
73,6/02/2023,-60000
73,7/01/2023,70000
73,7/02/2023,-70000
73,8/01/2023,80000
73,8/02/2023,-80000
73,9/01/2023,90000
73,9/02/2023,-90000
73,10/01/2023,100000
73,10/02/2023,-100000
74,1/01/2023,10000
74,1/02/2023,-10000
74,2/01/2023,20000
74,2/02/2023,-20000
74,3/01/2023,30000
74,3/02/2023,-30000
74,4/01/2023,40000
74,4/02/2023,-40000
74,5/01/2023,50000
74,5/02/2023,-50000
74,6/01/2023,60000
74,6/02/2023,-60000
74,7/01/2023,70000
74,7/02/2023,-70000
74,8/01/2023,80000
74,8/02/2023,-80000
74,9/01/2023,90000
74,9/02/2023,-90000
74,10/01/2023,100000
74,10/02/2023,-100000
75,1/01/2023,10000
75,1/02/2023,-10000
75,2/01/2023,20000
75,2/02/2023,-20000
75,3/01/2023,30000
75,3/02/2023,-30000
75,4/01/2023,40000
75,4/02/2023,-40000
75,5/01/2023,50000
75,5/02/2023,-50000
75,6/01/2023,60000
75,6/02/2023,-60000
75,7/01/2023,70000
75,7/02/2023,-70000
75,8/01/2023,80000
75,8/02/2023,-80000
75,9/01/2023,90000
75,9/02/2023,-90000
75,10/01/2023,100000
75,10/02/2023,-100000
76,1/01/2023,10000
76,1/02/2023,-10000
76,2/01/2023,20000
76,2/02/2023,-20000
76,3/01/2023,30000
76,3/02/2023,-30000
76,4/01/2023,40000
76,4/02/2023,-40000
76,5/01/2023,50000
76,5/02/2023,-50000
76,6/01/2023,60000
76,6/02/2023,-60000
76,7/01/2023,70000
76,7/02/2023,-70000
76,8/01/2023,80000
76,8/02/2023,-80000
76,9/01/2023,90000
76,9/02/2023,-90000
76,10/01/2023,100000
76,10/02/2023,-100000
77,1/01/2023,10000
77,1/02/2023,-10000
77,2/01/2023,20000
77,2/02/2023,-20000
77,3/01/2023,30000
77,3/02/2023,-30000
77,4/01/2023,40000
77,4/02/2023,-40000
77,5/01/2023,50000
77,5/02/2023,-50000
77,6/01/2023,60000
77,6/02/2023,-60000
77,7/01/2023,70000
77,7/02/2023,-70000
77,8/01/2023,80000
77,8/02/2023,-80000
77,9/01/2023,90000
77,9/02/2023,-90000
77,10/01/2023,100000
77,10/02/2023,-100000
78,1/01/2023,10000
78,1/02/2023,-10000
78,2/01/2023,20000
78,2/02/2023,-20000
78,3/01/2023,30000
78,3/02/2023,-30000
78,4/01/2023,40000
78,4/02/2023,-40000
78,5/01/2023,50000
78,5/02/2023,-50000
78,6/01/2023,60000
78,6/02/2023,-60000
78,7/01/2023,70000
78,7/02/2023,-70000
78,8/01/2023,80000
78,8/02/2023,-80000
78,9/01/2023,90000
78,9/02/2023,-90000
78,10/01/2023,100000
78,10/02/2023,-100000
79,1/01/2023,10000
79,1/02/2023,-10000
79,2/01/2023,20000
79,2/02/2023,-20000
79,3/01/2023,30000
79,3/02/2023,-30000
79,4/01/2023,40000
79,4/02/2023,-40000
79,5/01/2023,50000
79,5/02/2023,-50000
79,6/01/2023,60000
79,6/02/2023,-60000
79,7/01/2023,70000
79,7/02/2023,-70000
79,8/01/2023,80000
79,8/02/2023,-80000
79,9/01/2023,90000
79,9/02/2023,-90000
79,10/01/2023,100000
79,10/02/2023,-100000
80,1/01/2023,10000
80,1/02/2023,-10000
80,2/01/2023,20000
80,2/02/2023,-20000
80,3/01/2023,30000
80,3/02/2023,-30000
80,4/01/2023,40000
80,4/02/2023,-40000
80,5/01/2023,50000
80,5/02/2023,-50000
80,6/01/2023,60000
80,6/02/2023,-60000
80,7/01/2023,70000
80,7/02/2023,-70000
80,8/01/2023,80000
80,8/02/2023,-80000
80,9/01/2023,90000
80,9/02/2023,-90000
80,10/01/2023,100000
80,10/02/2023,-100000
81,1/01/2023,10000
81,1/02/2023,-10000
81,2/01/2023,20000
81,2/02/2023,-20000
81,3/01/2023,30000
81,3/02/2023,-30000
81,4/01/2023,40000
81,4/02/2023,-40000
81,5/01/2023,50000
81,5/02/2023,-50000
81,6/01/2023,60000
81,6/02/2023,-60000
81,7/01/2023,70000
81,7/02/2023,-70000
81,8/01/2023,80000
81,8/02/2023,-80000
81,9/01/2023,90000
81,9/02/2023,-90000
81,10/01/2023,100000
81,10/02/2023,-100000
82,1/01/2023,10000
82,1/02/2023,-10000
82,2/01/2023,20000
82,2/02/2023,-20000
82,3/01/2023,30000
82,3/02/2023,-30000
82,4/01/2023,40000
82,4/02/2023,-40000
82,5/01/2023,50000
82,5/02/2023,-50000
82,6/01/2023,60000
82,6/02/2023,-60000
82,7/01/2023,70000
82,7/02/2023,-70000
82,8/01/2023,80000
82,8/02/2023,-80000
82,9/01/2023,90000
82,9/02/2023,-90000
82,10/01/2023,100000
82,10/02/2023,-100000
83,1/01/2023,10000
83,1/02/2023,-10000
83,2/01/2023,20000
83,2/02/2023,-20000
83,3/01/2023,30000
83,3/02/2023,-30000
83,4/01/2023,40000
83,4/02/2023,-40000
83,5/01/2023,50000
83,5/02/2023,-50000
83,6/01/2023,60000
83,6/02/2023,-60000
83,7/01/2023,70000
83,7/02/2023,-70000
83,8/01/2023,80000
83,8/02/2023,-80000
83,9/01/2023,90000
83,9/02/2023,-90000
83,10/01/2023,100000
83,10/02/2023,-100000
84,1/01/2023,10000
84,1/02/2023,-10000
84,2/01/2023,20000
84,2/02/2023,-20000
84,3/01/2023,30000
84,3/02/2023,-30000
84,4/01/2023,40000
84,4/02/2023,-40000
84,5/01/2023,50000
84,5/02/2023,-50000
84,6/01/2023,60000
84,6/02/2023,-60000
84,7/01/2023,70000
84,7/02/2023,-70000
84,8/01/2023,80000
84,8/02/2023,-80000
84,9/01/2023,90000
84,9/02/2023,-90000
84,10/01/2023,100000
84,10/02/2023,-100000
85,1/01/2023,10000
85,1/02/2023,-10000
85,2/01/2023,20000
85,2/02/2023,-20000
85,3/01/2023,30000
85,3/02/2023,-30000
85,4/01/2023,40000
85,4/02/2023,-40000
85,5/01/2023,50000
85,5/02/2023,-50000
85,6/01/2023,60000
85,6/02/2023,-60000
85,7/01/2023,70000
85,7/02/2023,-70000
85,8/01/2023,80000
85,8/02/2023,-80000
85,9/01/2023,90000
85,9/02/2023,-90000
85,10/01/2023,100000
85,10/02/2023,-100000
86,1/01/2023,10000
86,1/02/2023,-10000
86,2/01/2023,20000
86,2/02/2023,-20000
86,3/01/2023,30000
86,3/02/2023,-30000
86,4/01/2023,40000
86,4/02/2023,-40000
86,5/01/2023,50000
86,5/02/2023,-50000
86,6/01/2023,60000
86,6/02/2023,-60000
86,7/01/2023,70000
86,7/02/2023,-70000
86,8/01/2023,80000
86,8/02/2023,-80000
86,9/01/2023,90000
86,9/02/2023,-90000
86,10/01/2023,100000
86,10/02/2023,-100000
87,1/01/2023,10000
87,1/02/2023,-10000
87,2/01/2023,20000
87,2/02/2023,-20000
87,3/01/2023,30000
87,3/02/2023,-30000
87,4/01/2023,40000
87,4/02/2023,-40000
87,5/01/2023,50000
87,5/02/2023,-50000
87,6/01/2023,60000
87,6/02/2023,-60000
87,7/01/2023,70000
87,7/02/2023,-70000
87,8/01/2023,80000
87,8/02/2023,-80000
87,9/01/2023,90000
87,9/02/2023,-90000
87,10/01/2023,100000
87,10/02/2023,-100000
88,1/01/2023,10000
88,1/02/2023,-10000
88,2/01/2023,20000
88,2/02/2023,-20000
88,3/01/2023,30000
88,3/02/2023,-30000
88,4/01/2023,40000
88,4/02/2023,-40000
88,5/01/2023,50000
88,5/02/2023,-50000
88,6/01/2023,60000
88,6/02/2023,-60000
88,7/01/2023,70000
88,7/02/2023,-70000
88,8/01/2023,80000
88,8/02/2023,-80000
88,9/01/2023,90000
88,9/02/2023,-90000
88,10/01/2023,100000
88,10/02/2023,-100000
89,1/01/2023,10000
89,1/02/2023,-10000
89,2/01/2023,20000
89,2/02/2023,-20000
89,3/01/2023,30000
89,3/02/2023,-30000
89,4/01/2023,40000
89,4/02/2023,-40000
89,5/01/2023,50000
89,5/02/2023,-50000
89,6/01/2023,60000
89,6/02/2023,-60000
89,7/01/2023,70000
89,7/02/2023,-70000
89,8/01/2023,80000
89,8/02/2023,-80000
89,9/01/2023,90000
89,9/02/2023,-90000
89,10/01/2023,100000
89,10/02/2023,-100000
90,1/01/2023,10000
90,1/02/2023,-10000
90,2/01/2023,20000
90,2/02/2023,-20000
90,3/01/2023,30000
90,3/02/2023,-30000
90,4/01/2023,40000
90,4/02/2023,-40000
90,5/01/2023,50000
90,5/02/2023,-50000
90,6/01/2023,60000
90,6/02/2023,-60000
90,7/01/2023,70000
90,7/02/2023,-70000
90,8/01/2023,80000
90,8/02/2023,-80000
90,9/01/2023,90000
90,9/02/2023,-90000
90,10/01/2023,100000
90,10/02/2023,-100000
91,1/01/2023,10000
91,1/02/2023,-10000
91,2/01/2023,20000
91,2/02/2023,-20000
91,3/01/2023,30000
91,3/02/2023,-30000
91,4/01/2023,40000
91,4/02/2023,-40000
91,5/01/2023,50000
91,5/02/2023,-50000
91,6/01/2023,60000
91,6/02/2023,-60000
91,7/01/2023,70000
91,7/02/2023,-70000
91,8/01/2023,80000
91,8/02/2023,-80000
91,9/01/2023,90000
91,9/02/2023,-90000
91,10/01/2023,100000
91,10/02/2023,-100000
92,1/01/2023,10000
92,1/02/2023,-10000
92,2/01/2023,20000
92,2/02/2023,-20000
92,3/01/2023,30000
92,3/02/2023,-30000
92,4/01/2023,40000
92,4/02/2023,-40000
92,5/01/2023,50000
92,5/02/2023,-50000
92,6/01/2023,60000
92,6/02/2023,-60000
92,7/01/2023,70000
92,7/02/2023,-70000
92,8/01/2023,80000
92,8/02/2023,-80000
92,9/01/2023,90000
92,9/02/2023,-90000
92,10/01/2023,100000
92,10/02/2023,-100000
93,1/01/2023,10000
93,1/02/2023,-10000
93,2/01/2023,20000
93,2/02/2023,-20000
93,3/01/2023,30000
93,3/02/2023,-30000
93,4/01/2023,40000
93,4/02/2023,-40000
93,5/01/2023,50000
93,5/02/2023,-50000
93,6/01/2023,60000
93,6/02/2023,-60000
93,7/01/2023,70000
93,7/02/2023,-70000
93,8/01/2023,80000
93,8/02/2023,-80000
93,9/01/2023,90000
93,9/02/2023,-90000
93,10/01/2023,100000
93,10/02/2023,-100000
94,1/01/2023,10000
94,1/02/2023,-10000
94,2/01/2023,20000
94,2/02/2023,-20000
94,3/01/2023,30000
94,3/02/2023,-30000
94,4/01/2023,40000
94,4/02/2023,-40000
94,5/01/2023,50000
94,5/02/2023,-50000
94,6/01/2023,60000
94,6/02/2023,-60000
94,7/01/2023,70000
94,7/02/2023,-70000
94,8/01/2023,80000
94,8/02/2023,-80000
94,9/01/2023,90000
94,9/02/2023,-90000
94,10/01/2023,100000
94,10/02/2023,-100000
95,1/01/2023,10000
95,1/02/2023,-10000
95,2/01/2023,20000
95,2/02/2023,-20000
95,3/01/2023,30000
95,3/02/2023,-30000
95,4/01/2023,40000
95,4/02/2023,-40000
95,5/01/2023,50000
95,5/02/2023,-50000
95,6/01/2023,60000
95,6/02/2023,-60000
95,7/01/2023,70000
95,7/02/2023,-70000
95,8/01/2023,80000
95,8/02/2023,-80000
95,9/01/2023,90000
95,9/02/2023,-90000
95,10/01/2023,100000
95,10/02/2023,-100000
96,1/01/2023,10000
96,1/02/2023,-10000
96,2/01/2023,20000
96,2/02/2023,-20000
96,3/01/2023,30000
96,3/02/2023,-30000
96,4/01/2023,40000
96,4/02/2023,-40000
96,5/01/2023,50000
96,5/02/2023,-50000
96,6/01/2023,60000
96,6/02/2023,-60000
96,7/01/2023,70000
96,7/02/2023,-70000
96,8/01/2023,80000
96,8/02/2023,-80000
96,9/01/2023,90000
96,9/02/2023,-90000
96,10/01/2023,100000
96,10/02/2023,-100000
97,1/01/2023,10000
97,1/02/2023,-10000
97,2/01/2023,20000
97,2/02/2023,-20000
97,3/01/2023,30000
97,3/02/2023,-30000
97,4/01/2023,40000
97,4/02/2023,-40000
97,5/01/2023,50000
97,5/02/2023,-50000
97,6/01/2023,60000
97,6/02/2023,-60000
97,7/01/2023,70000
97,7/02/2023,-70000
97,8/01/2023,80000
97,8/02/2023,-80000
97,9/01/2023,90000
97,9/02/2023,-90000
97,10/01/2023,100000
97,10/02/2023,-100000
98,1/01/2023,10000
98,1/02/2023,-10000
98,2/01/2023,20000
98,2/02/2023,-20000
98,3/01/2023,30000
98,3/02/2023,-30000
98,4/01/2023,40000
98,4/02/2023,-40000
98,5/01/2023,50000
98,5/02/2023,-50000
98,6/01/2023,60000
98,6/02/2023,-60000
98,7/01/2023,70000
98,7/02/2023,-70000
98,8/01/2023,80000
98,8/02/2023,-80000
98,9/01/2023,90000
98,9/02/2023,-90000
98,10/01/2023,100000
98,10/02/2023,-100000
99,1/01/2023,10000
99,1/02/2023,-10000
99,2/01/2023,20000
99,2/02/2023,-20000
99,3/01/2023,30000
99,3/02/2023,-30000
99,4/01/2023,40000
99,4/02/2023,-40000
99,5/01/2023,50000
99,5/02/2023,-50000
99,6/01/2023,60000
99,6/02/2023,-60000
99,7/01/2023,70000
99,7/02/2023,-70000
99,8/01/2023,80000
99,8/02/2023,-80000
99,9/01/2023,90000
99,9/02/2023,-90000
99,10/01/2023,100000
99,10/02/2023,-100000
100,1/01/2023,10000
100,1/02/2023,-10000
100,2/01/2023,20000
100,2/02/2023,-20000
100,3/01/2023,30000
100,3/02/2023,-30000
100,4/01/2023,40000
100,4/02/2023,-40000
100,5/01/2023,50000
100,5/02/2023,-50000
100,6/01/2023,60000
100,6/02/2023,-60000
100,7/01/2023,70000
100,7/02/2023,-70000
100,8/01/2023,80000
100,8/02/2023,-80000
100,9/01/2023,90000
100,9/02/2023,-90000
100,10/01/2023,100000
100,10/02/2023,-100000
